benchmark,method,seed,n_train,n_test,epsilon,objective,train_violation,test_violation,estimated_violation,gap,runtime_seconds,success,message,bandwidth,decision,distribution,individual_violation,joint_test_violation,risk_allocation,schema_version,solver_diagnostics,solver_iterations,tau,uncertainty_metadata
static_nonlinear,nominal,20260906,250,4000,0.1,0.02338961879864484,0.532,0.518,0.532,-0.41800000000000004,0.20738412499486003,True,Optimization terminated successfully,0.2953710276655865,"[0.7854763160312112, 0.580371670384474]",gaussian,,,,1.0,,6,,"{""distribution"": ""gaussian"", ""mean"": 0.0, ""seed"": 20260906, ""std"": 1.0}"
static_nonlinear,scenario,20260906,250,4000,0.1,0.6134346351436594,0.004,0.0015,0.004,0.0985,0.0016274579975288361,True,Optimization terminated successfully,0.2953710276655865,"[0.2411346351769402, 0.05184024664636318]",gaussian,,,,1.0,,8,,"{""distribution"": ""gaussian"", ""mean"": 0.0, ""seed"": 20260906, ""std"": 1.0}"
static_nonlinear,unbiased_kde,20260906,250,4000,0.1,0.1981428706554218,0.052,0.062,0.1000000000000425,0.038000000000000006,0.0022750839998479933,True,Optimization terminated successfully,0.2953710276655865,"[0.4484065023024311, 0.3414068232565307]",gaussian,,,,1.0,,8,,"{""distribution"": ""gaussian"", ""mean"": 0.0, ""seed"": 20260906, ""std"": 1.0}"
static_nonlinear,local_shifted_epanechnikov,20260906,250,4000,0.1,0.30714763509540216,0.032,0.01925,0.10000000000000198,0.08075,0.0023280829918803647,True,Optimization terminated successfully,0.2953710276655865,"[0.3539997025797538, 0.27859649027811906]",gaussian,,,,1.0,,9,,"{""distribution"": ""gaussian"", ""mean"": 0.0, ""seed"": 20260906, ""std"": 1.0}"
static_nonlinear,nominal,20260907,250,4000,0.1,0.02338962162072117,0.608,0.62225,0.608,-0.52225,0.0009608749969629571,True,Optimization terminated successfully,0.3764276383193261,"[0.7855441321814829, 0.5803446442860899]",bimodal,,,,1.0,,5,,"{""distribution"": ""bimodal"", ""means"": [-1.2, 1.2], ""seed"": 20260907, ""stds"": [0.35, 0.35], ""weights"": [0.5, 0.5]}"
static_nonlinear,scenario,20260907,250,4000,0.1,0.4118270826351511,0.004,0.001,0.004,0.099,0.0013576670025940984,True,Optimization terminated successfully,0.3764276383193261,"[0.2774379001912225, 0.23184264554285638]",bimodal,,,,1.0,,7,,"{""distribution"": ""bimodal"", ""means"": [-1.2, 1.2], ""seed"": 20260907, ""stds"": [0.35, 0.35], ""weights"": [0.5, 0.5]}"
static_nonlinear,unbiased_kde,20260907,250,4000,0.1,0.3199413910935989,0.012,0.015,0.10000000003891651,0.085,0.0020203339954605326,True,Optimization terminated successfully,0.3764276383193261,"[0.3555369189038706, 0.2567362532788376]",bimodal,,,,1.0,,8,,"{""distribution"": ""bimodal"", ""means"": [-1.2, 1.2], ""seed"": 20260907, ""stds"": [0.35, 0.35], ""weights"": [0.5, 0.5]}"
static_nonlinear,local_shifted_epanechnikov,20260907,250,4000,0.1,0.505869826757194,0.0,0.00025,0.10000000015148724,0.09975,0.002561459012213163,True,Optimization terminated successfully,0.3764276383193261,"[0.23641164234355436, 0.1684365964878606]",bimodal,,,,1.0,,9,,"{""distribution"": ""bimodal"", ""means"": [-1.2, 1.2], ""seed"": 20260907, ""stds"": [0.35, 0.35], ""weights"": [0.5, 0.5]}"
static_nonlinear,nominal,20260908,250,4000,0.1,0.023389618511575255,0.356,0.3965,0.356,-0.2965,0.0010470420093042776,True,Optimization terminated successfully,0.24195144627290915,"[0.7854908583437997, 0.580362739801179]",skewed,,,,1.0,,5,,"{""distribution"": ""skewed_exponential"", ""scale"": 1.0, ""seed"": 20260908}"
static_nonlinear,scenario,20260908,250,4000,0.1,0.9999999999999998,0.008,0.01425,0.008,0.08575,0.006926791000296362,False,Positive directional derivative for linesearch,0.24195144627290915,"[8.815080954407496e-17, 7.644483975840237e-17]",skewed,,,,1.0,,21,,"{""distribution"": ""skewed_exponential"", ""scale"": 1.0, ""seed"": 20260908}"
static_nonlinear,unbiased_kde,20260908,250,4000,0.1,0.15701112522017255,0.084,0.10525,0.10000000009964527,-0.005249999999999991,0.0017931249894900247,True,Optimization terminated successfully,0.24195144627290915,"[0.49426791682301713, 0.3665920206643538]",skewed,,,,1.0,,7,,"{""distribution"": ""skewed_exponential"", ""scale"": 1.0, ""seed"": 20260908}"
static_nonlinear,local_shifted_epanechnikov,20260908,250,4000,0.1,0.2506096951409451,0.052,0.07,0.10000000000621934,0.03,0.002077124998322688,True,Optimization terminated successfully,0.24195144627290915,"[0.41883220438487573, 0.28479081799152184]",skewed,,,,1.0,,8,,"{""distribution"": ""skewed_exponential"", ""scale"": 1.0, ""seed"": 20260908}"
static_nonlinear,nominal,20260909,250,4000,0.1,0.02338961914564075,0.508,0.5085,0.508,-0.4085,0.0011194590042578056,True,Optimization terminated successfully,0.27662547247955893,"[0.7854693820724681, 0.5803763026682706]",heavy_tailed,,,,1.0,,6,,"{""df"": 3.5, ""distribution"": ""student_t"", ""scale"": 0.8, ""seed"": 20260909}"
static_nonlinear,scenario,20260909,250,4000,0.1,0.7657597245615759,0.044,0.02575,0.044,0.07425000000000001,0.10926974999892991,False,Iteration limit reached,0.27662547247955893,"[0.16300728060482692, 7.398481096515862e-13]",heavy_tailed,,,,1.0,,300,,"{""df"": 3.5, ""distribution"": ""student_t"", ""scale"": 0.8, ""seed"": 20260909}"
static_nonlinear,unbiased_kde,20260909,250,4000,0.1,0.2688627216517472,0.068,0.06125,0.10000000000785092,0.03875000000000001,0.002030292002018541,True,Optimization terminated successfully,0.27662547247955893,"[0.3966301865406733, 0.282911766367644]",heavy_tailed,,,,1.0,,8,,"{""df"": 3.5, ""distribution"": ""student_t"", ""scale"": 0.8, ""seed"": 20260909}"
static_nonlinear,local_shifted_epanechnikov,20260909,250,4000,0.1,0.394045187735134,0.056,0.0405,0.10000000025928635,0.059500000000000004,0.0022416249994421378,True,Optimization terminated successfully,0.27662547247955893,"[0.30677573286419935, 0.2159922514028773]",heavy_tailed,,,,1.0,,9,,"{""df"": 3.5, ""distribution"": ""student_t"", ""scale"": 0.8, ""seed"": 20260909}"
energy_dispatch,nominal,20260907,250,4000,0.1,928.5686326201369,0.588,0.57875,0.588,-0.47875,0.0011057910014642403,True,Optimization terminated successfully,0.09343406583471349,"[70.02538712250626, 1.48894230278529e-11]",,,,,1.0,,,,"{""distribution"": ""renewable_error"", ""means"": [-0.25, 0.35], ""mixture_components"": [{""label"": ""underproduction"", ""mean"": -0.25, ""std"": 0.1, ""weight"": 0.6}, {""label"": ""overproduction"", ""mean"": 0.35, ""std"": 0.15, ""weight"": 0.4}], ""seed"": 20260907, ""stds"": [0.1, 0.15], ""units"": ""normalised power error"", ""weights"": [0.6, 0.4]}"
energy_dispatch,scenario,20260907,250,4000,0.1,935.3870580564729,0.004,0.006,0.004,0.094,0.0010122499952558428,True,Optimization terminated successfully,0.09343406583471349,"[70.49467310123178, 0.0]",,,,,1.0,,,,"{""distribution"": ""renewable_error"", ""means"": [-0.25, 0.35], ""mixture_components"": [{""label"": ""underproduction"", ""mean"": -0.25, ""std"": 0.1, ""weight"": 0.6}, {""label"": ""overproduction"", ""mean"": 0.35, ""std"": 0.15, ""weight"": 0.4}], ""seed"": 20260907, ""stds"": [0.1, 0.15], ""units"": ""normalised power error"", ""weights"": [0.6, 0.4]}"
energy_dispatch,unbiased_kde,20260907,250,4000,0.1,933.9232999749839,0.052,0.03975,0.10000000000012532,0.060250000000000005,0.0027651669952319935,True,Optimization terminated successfully,0.09343406583471349,"[70.39397424877592, 6.23129220428615e-14]",,,,,1.0,,,,"{""distribution"": ""renewable_error"", ""means"": [-0.25, 0.35], ""mixture_components"": [{""label"": ""underproduction"", ""mean"": -0.25, ""std"": 0.1, ""weight"": 0.6}, {""label"": ""overproduction"", ""mean"": 0.35, ""std"": 0.15, ""weight"": 0.4}], ""seed"": 20260907, ""stds"": [0.1, 0.15], ""units"": ""normalised power error"", ""weights"": [0.6, 0.4]}"
energy_dispatch,local_shifted_epanechnikov,20260907,250,4000,0.1,934.8865045262968,0.012,0.011,0.10000000001094211,0.08900000000000001,0.0028206660063005984,True,Optimization terminated successfully,0.09343406583471349,"[70.4602404781637, 4.1796542282906284e-14]",,,,,1.0,,,,"{""distribution"": ""renewable_error"", ""means"": [-0.25, 0.35], ""mixture_components"": [{""label"": ""underproduction"", ""mean"": -0.25, ""std"": 0.1, ""weight"": 0.6}, {""label"": ""overproduction"", ""mean"": 0.35, ""std"": 0.15, ""weight"": 0.4}], ""seed"": 20260907, ""stds"": [0.1, 0.15], ""units"": ""normalised power error"", ""weights"": [0.6, 0.4]}"
joint_static,boole_equal,20260908,2000,2000,0.1,,0.5515,0.553,0.5515,-0.45300000000000007,,True,joint statistic evaluation,,,,"[0.33275, 0.3255]",0.55225,"[0.05, 0.05]",1.0,,,,
joint_static,max_exact,20260908,2000,2000,0.1,,0.5515,0.553,0.5515,-0.45300000000000007,,True,joint statistic evaluation,,,,"[0.33275, 0.3255]",0.55225,"[0.05, 0.05]",1.0,,,,
joint_static,logsumexp,20260908,2000,2000,0.1,,0.5685,0.5745,0.5685,-0.47450000000000003,,True,joint statistic evaluation,,,,"[0.33275, 0.3255]",0.5715,"[0.05, 0.05]",1.0,,,0.1,
residual_sensitivity,bandwidth_sweep,20260909,250,4000,0.1,,0.372,0.395,0.3765003672777102,-0.29500000000000004,,True,fixed-residual estimator sensitivity; no optimization,0.03024411883779601,,,,,,1.0,,,,
residual_sensitivity,bandwidth_sweep,20260909,250,4000,0.1,,0.372,0.395,0.38081138074045817,-0.29500000000000004,,True,fixed-residual estimator sensitivity; no optimization,0.06048823767559202,,,,,,1.0,,,,
residual_sensitivity,bandwidth_sweep,20260909,250,4000,0.1,,0.372,0.395,0.38942962646401136,-0.29500000000000004,,True,fixed-residual estimator sensitivity; no optimization,0.12097647535118404,,,,,,1.0,,,,
residual_sensitivity,bandwidth_sweep,20260909,250,4000,0.1,,0.372,0.395,0.4018272229670372,-0.29500000000000004,,True,fixed-residual estimator sensitivity; no optimization,0.24195295070236808,,,,,,1.0,,,,
residual_sensitivity,bandwidth_sweep,20260909,250,4000,0.1,,0.372,0.395,0.423438334736163,-0.29500000000000004,,True,fixed-residual estimator sensitivity; no optimization,0.48390590140473616,,,,,,1.0,,,,
residual_sensitivity,sample_size_sweep,20260909,50,4000,0.1,,0.4,0.395,0.3972261614926895,-0.29500000000000004,,True,fixed-residual estimator sensitivity; no optimization,0.14507011607522066,,,,,,1.0,,,,
residual_sensitivity,sample_size_sweep,20260909,100,4000,0.1,,0.41,0.395,0.42839880819701714,-0.29500000000000004,,True,fixed-residual estimator sensitivity; no optimization,0.13578874859038909,,,,,,1.0,,,,
residual_sensitivity,sample_size_sweep,20260909,250,4000,0.1,,0.372,0.395,0.38942962646401136,-0.29500000000000004,,True,fixed-residual estimator sensitivity; no optimization,0.12097647535118404,,,,,,1.0,,,,
residual_sensitivity,sample_size_sweep,20260909,500,4000,0.1,,0.368,0.395,0.37544418333237317,-0.29500000000000004,,True,fixed-residual estimator sensitivity; no optimization,0.1044870085240383,,,,,,1.0,,,,
residual_sensitivity,sample_size_sweep,20260909,1000,4000,0.1,,0.378,0.395,0.38291094311421536,-0.29500000000000004,,True,fixed-residual estimator sensitivity; no optimization,0.08863942245083536,,,,,,1.0,,,,
residual_sensitivity,sample_size_sweep,20260909,2000,4000,0.1,,0.3735,0.395,0.38089039072325226,-0.29500000000000004,,True,fixed-residual estimator sensitivity; no optimization,0.07698323552436795,,,,,,1.0,,,,
lunar_landing,nominal,20260910,250,4000,0.1,29.805235153070598,0.508,0.51425,0.508,-0.41425,0.029769250002573244,True,Optimization terminated successfully,,,,,,,1.0,"{""epsilon_a"": 0.1, ""epsilon_b"": 0.01, ""initial_residual"": [0.0, 0.0], ""kernel"": null, ""local_biased_surrogate"": false, ""max_defect"": 7.105427357601002e-15, ""min_chance_margin"": 1.942890293094024e-16, ""path_bandwidth"": 0.09577155842983517, ""path_sample_count"": 250, ""stage"": ""nominal"", ""terminal_bandwidth"": 0.03140451630623167, ""terminal_sample_count"": 250, ""terminal_velocity_residual"": 0.0}",,,
lunar_landing,worst_case,20260910,250,4000,0.1,29.805235153070598,0.508,0.51425,0.508,-0.41425,0.05068304100132082,False,Positive directional derivative for linesearch,,,,,,,1.0,"{""epsilon_a"": 0.1, ""epsilon_b"": 0.01, ""initial_residual"": [0.0, 0.0], ""kernel"": null, ""local_biased_surrogate"": false, ""max_defect"": 9.769962616701378e-15, ""min_chance_margin"": -0.7382552245839209, ""path_bandwidth"": 0.09577155842983517, ""path_sample_count"": 250, ""stage"": ""worst_case"", ""terminal_bandwidth"": 0.03140451630623167, ""terminal_sample_count"": 250, ""terminal_velocity_residual"": 0.0}",,,
lunar_landing,scenario,20260910,250,4000,0.1,31.36847623928402,0.04,0.0255,0.04,0.07450000000000001,0.039059916001860984,False,Positive directional derivative for linesearch,,,,,,,1.0,"{""epsilon_a"": 0.1, ""epsilon_b"": 0.01, ""initial_residual"": [0.0, 0.0], ""kernel"": null, ""local_biased_surrogate"": false, ""max_defect"": 2.62456723021387e-13, ""min_chance_margin"": -0.27969414330990805, ""path_bandwidth"": 0.09577155842983517, ""path_sample_count"": 250, ""stage"": ""scenario"", ""terminal_bandwidth"": 0.03140451630623167, ""terminal_sample_count"": 250, ""terminal_velocity_residual"": 0.0}",,,
lunar_landing,unbiased_kde,20260910,250,4000,0.1,32.43999999993264,0.108,0.11275,0.108,-0.012749999999999997,0.10295099999348167,False,Positive directional derivative for linesearch,,,,,,,1.0,"{""epsilon_a"": 0.1, ""epsilon_b"": 0.01, ""initial_residual"": [0.0, 0.0], ""kernel"": ""gaussian"", ""local_biased_surrogate"": false, ""max_defect"": 1.2840528640367666e-10, ""min_chance_margin"": -0.02091903326743294, ""path_bandwidth"": 0.09577155842983517, ""path_sample_count"": 250, ""stage"": ""unbiased_kde"", ""terminal_bandwidth"": 0.03140451630623167, ""terminal_sample_count"": 250, ""terminal_velocity_residual"": 0.0}",,,
lunar_landing,local_shifted_epanechnikov,20260910,250,4000,0.1,32.44000000000322,0.052,0.05475,0.052,0.045250000000000005,0.13104774999374058,False,Positive directional derivative for linesearch,,,,,,,1.0,"{""epsilon_a"": 0.1, ""epsilon_b"": 0.01, ""initial_residual"": [0.0, 0.0], ""kernel"": ""epanechnikov"", ""local_biased_surrogate"": true, ""max_defect"": 2.8976820942716586e-12, ""min_chance_margin"": -0.08673879993997335, ""path_bandwidth"": 0.09577155842983517, ""path_sample_count"": 250, ""stage"": ""local_shifted_epanechnikov"", ""terminal_bandwidth"": 0.03140451630623167, ""terminal_sample_count"": 250, ""terminal_velocity_residual"": 0.0}",,,
